Column1,Column2,Column3,Column4,Column5,Column6,Column7
1.,What is the sum of 7 and 9? ,A) 14,B) 16,C) 18,D) 20,Answer: A) 14
2.,"If (3x + 5 = 20), what is the value of (x)? ",A) 5,B) 6,C) 7,D) 8,Answer: B) 6
3.,What is the product of 6 and 4? ,A) 20,B) 24,C) 28,D) 32,Answer: B) 24
4. ,Solve for (x): (2x - 3 = 9).,A) 3,B) 4,C) 5,D) 6,Answer: C) 5 0
5.,"If (a + b = 12) and (a - b = 4),what is the value of (a)? ",A) 8,B) 6,C) 10,D) 12,Answer: A) 8
6. ,What is the area of a square with side length 5 units?,A) 20 sq units,B) 25 sq units,C) 30 sq units,D) 35 sq units,Answer: B) 25 sq units
7.,The sum of the angles in a triangle is: ,A) 90 degrees,B) 180 degrees,C) 270 degrees,D) 360 degrees,Answer: B) 180 degrees 
8. ,"If the selling price of an item is $80 and the profit percentage is 25%, what is the cost price?",A) $60,B) $64,C) $70,D) $75,Answer: B) $64 
9.,"If the original price of a shirt is $50 and it is sold at a discount of 20%, what is the selling price? ",A) $40,B) $42,C) $45,D) $48,Answer: A) $40
10. ,A car travels 240 km in 4 hours. What is its average speed?,A) 40 km/h ,B) 50 km/h ,C) 60 km/h  ,D) 70 km/h ,Answer: C) 60 km/h 
11. ,"If a train covers 300 km in 5 hours, what is its speed? ",A) 50 km/h  ,B) 55 km/h ,C) 60 km/h ,D) 65 km/h,Answer: B) 55 km/h
12. ,"If all cats are mammals and some mammals are dogs, can we conclude that some cats are dogs? ",A) Yes ,B) No ,,,Answer: B) No 
13. ,"Arrange the following words in alphabetical order: Apple, Banana, Cherry, Orange.  ","A) Apple, Banana, Cherry, Orange ","B) Banana, Apple, Cherry, Orange ","C) Apple, Banana, Orange, Cherry ","D) Banana, Cherry, Apple, Orange","Answer: B) Banana, Apple, Cherry, Orange"
,,,,,,
1.,"What comes next in the series: 2, 5, 10, 17, …?",A) 24,B) 26,C) 28,D) 30,Answer: B) 26
2.,"Find the missing number: 3, 6, 12, 24, …?",A) 48,B) 36,C) 30,D) 42,Answer: A) 48
3. ,"If all roses are flowers and some flowers are red, can we conclude that some roses are red?",A) Yes,B) No,,,Answer: A) Yes
4.,"Which word does not belong in the group: Apple, Banana, Orange, Mango, Carrot? ",A) Apple,B) Banana,C) Orange,D) Carrot,Answer: D) Carrot
5. ,"If the cost price of an item is $80 and it is sold at a loss of 20%, what is the selling price?",A) $64,B) $72,C) $76,D) $84,Answer: A) $64
6.,"If the selling price of an article is $120 and the profit percentage is 25%, what is the cost price? ",A) $80,B) $90,C) $10,D) $9,Answer: B) $90
7. ,A machine can complete a task in 6 days. How many machines are needed to complete the same task in 2 days?,A) 6,B) 3,C) 4,D)  5,Answer: C) 4
8.,"If 8 workers can build a wall in 12 days, how many days will 12 workers take to build the same wall? ",A) 6,B) 8,C) 9,D) 10,
9.,A team of 10 workers can complete a project in 15 days. How many days will it take for 20 workers to complete the same project?,A) 5,B) 7.5,C) 10,D) 12,Answer: B) 7.5
10.,"If a machine can produce 200 widgets in 8 hours, how many widgets can it produce in 5 hours? ",A) 100,B) 125,C) 150,D) 160,Answer: B) 125
11. ,"If the interest on a sum of $800 at 6% per annum for 2 years is $96, what is the principal amount? ",A) $700,B) $750,C) $750,D) $850,Answer: C) $800
12.,"If the marked price of an item is $120 and it is sold at a discount of 20%, what is the selling price? ",A) $96,B) $100,C) $104,D) $108,Answer: A) $96
13. ,What is the remainder when 567 is divided by 9? ,A) 0,B) 1,C) 2,D) 3,Answer: A) 0
14.,Which of the following is a prime number? ,A) 27,B) 31,C) 42,D) 49,Answer: B) 31
,,,,,,
,Subject-Verb Agreement:,,,,,
1.,Which sentence has the correct subject-verb agreement?,A) “The team are winning the game.”,B) “The team is winning the game.”,C) “The team were winning the game.”,D) “The team have won the game.”,Answer: B) “The team is winning the game.”
2.,Choose the correct verb form: “Neither of the students _____ their homework.”,A) do,B) does,C) did,D) done,Answer: B) does
3. ,Which sentence is punctuated correctly?,"A) “I love pizza, but I don’t like pasta.”","B) “I love pizza but, I don’t like pasta.”",C) “I love pizza but I don’t like pasta.”,"D) “I love pizza, but, I don’t like pasta.”","Answer: A) “I love pizza, but I don’t like pasta.”"
4.,Identify the correct use of an apostrophe: ,A) “The dogs are barking.”,B) “The dog’s collar is red.”,C) “The dogs are chasing their tails.”,D) “The dog is playing fetch.”,Answer: B) “The dog’s collar is red.”
5. ,Which sentence is a compound sentence?,A) “She likes coffee.”,B) “He studied hard for the exam.”,"C) “She likes coffee, and he prefers tea.”",D) “They went to the beach.”,"Answer: C) “She likes coffee, and he prefers tea.”"
6.,"Identify the dependent clause: “Although it was raining, we went for a walk.” ",A) “Although it was raining”,B) “we went for a walk”,C) “it was raining”,D) “for a walk”,
,,,,,,
1.,What does the word ‘benevolent’ mean,A) Harmful,B) Kind and generous,C) Dangerou,D) Uninterested,Answer: B) Kind and generous
2.,Choose the correct meaning of ‘meticulous’.,A) Careless,B) Quick ,C) Paying great attention to detail,D) Confused,Answer: C) Paying great attention to detail
3.,What does ‘ambivalent’ mean?,A) Certain,B) Having mixed feelings,C) Excited,D) Angry,Answer: B) Having mixed feelings
4.,Define the word ‘ephemeral’,A) Long-lasting,B) Short-lived ,C) Complicated ,D) Unusual,Answer: B) Short-lived
5.,What is the meaning of ‘pragmatic’?,A) Impractical ,B) Dealing with things sensibly and realistically,C) Unrealistic ,D) Philosophical,Answer: B) Dealing with things sensibly and realistically
6.,Choose the correct meaning of ‘ubiquitous’.,A) Rare ,B) Everywhere at once ,C) Hidden,D) Unique,Answer: B) Everywhere at once
7.,What does ‘nostalgia’ mean?,A) Fear of the future  ,B) Desire for change,C) Longing for the past,D) Confusion about time,Answer: C) Longing for the past
8.,Define the word ‘enigma’.,A) A clear explanation ,B) A mysterious or puzzling person or thing ,C) A well-known fact,D) An easy problem,Answer: B) A mysterious or puzzling person or thing
9.,What is the meaning of ‘superfluous’?,A) Necessary,B) Excessive,C) Insufficient,D) Basic,Answer: B) Excessive
10.,Choose the correct meaning of ‘reticent’.,A) Talkative,B) Not revealing one’s thoughts or feelings readily,C) Confiden,D) Aggressive,Answer: B) Not revealing one’s thoughts or feelings readily
11.,What does ‘ameliorate’ mean?,A) To make worse,B) To stay the same,C) To make better,D) To complicate,Answer: C) To make better
12.,Define the word ‘lucid’.,A) Confuse,B) Clear,C) Complicated ,D) Dare ,Answer: B) Clear
13.,What is the meaning of ‘audacious’?,A) Cowardly,B) Bold and daring,C) Ordinary,D) Shy  ,Answer: B) Bold and daring
14.,Choose the correct meaning of ‘conundrum’.,A) An easy task,B) A straightforward decision ,C) A confusing and difficult problem  ,D) A known fact,Answer: C) A confusing and difficult problem
,,,,,,
1.,What is the sum of 7 and 9?,A) 14,B) 16,C) 18,D) 20,Answer: A) 14
2.,"If (3x + 5 = 20), what is the value of (x)?",A) 5,B) 6,C) 7,D) 8,Answer: B) 6
3.,"If the selling price of an item is $80 and the profit percentage is 25%, what is the cost price",A) $60,B) $64,C) $70,D) $75,Answer: B) $64
4.  ,"If the original price of a shirt is $50 and it is sold at a discount of 20%, what is the selling price? ",A)$40,B) $42,C) $45,D) $48 ,Answer: A) $40
2.,Time and Distance: 5. A car travels 240 km in 4 hours. What is its average speed?,A) 40 km/h,B) 50 km/h,C) 60 km/h,D) 70 km/,Answer: C) 60 km/h
6.,"If a train covers 300 km in 5 hours, what is its speed? ",A) 50 km/h,B) 55 km/h,C) 60 km/h,D) 65 km/h,Answer: B) 55 km/h
7.,What is the remainder when 567 is divided by 9?,A) 0,B) 1,C) 2,D) 3,Answer: A) 0
8.,Which of the following is a prime number?,A) 27,B) 31,C) 42,D) 49s,Answer: B) 31
1,"Anurag buys an old laptop for Rs. 17500 and spends Rs. 2,500 for its repair. He is not satisfied from his laptop and sells the laptop at Rs. 22,500. Find his profit percent?",A. 20%,B. 12.5%,C. 15%,D. 14.5%,Answer: B
2,"A invests some amount in a business. After 6 months his friend B joined him with the triple amount that A invests in starting of business. If in the business the total profit earned by both of them is Rs.16480, then find the difference between the share of profit between A and B.",A. 4296 RS.,B. 3296 RS,C. 3290 RS.,D. 6396 RS.,E. 2396 RS.
3,A shopkeeper is selling a fan at a discount of 30% on the mark price. If the marked price is 20% above the cost price and the fan was sold for Rs.420 then the cost price is,A. RS.700,B. RS.500,C. RS.400,D. RS.600,Answer: B
4,"Amit sells a Chair at 20% profit to Rahul. Rahul sells it to Sanjay at 30% profit. If Sanjay sells it to Dev at 50% profit and difference between Cost price of chair for Dev and Amit was Rs.2680. Then, how much Rahul pays to Amit for the chair?",A. RS.2400,B. RS.3400,C. RS.3000,D. RS.2200,Answer: A
,,,,,,
1,"Three pumps A, B and C are opened to fill a tank such that B and C can fill the tank alone 18 hours and 12 hours respectively. Pipe A can empty it 15 hours After 5 hours pipe A is closed. Then how many hours the remaining tank will be filled?",a. None of these,b. 2 hours 50 min,c. 1 hour 45 min,d. 4 hours 36 min,
2,"one pipe fills a water tank three times faster than another pipe. If the two pipes together can fill the empty tank in 36 min, then how much time will the slower pipe alone take to fill the tank?",a. 2h 24min,b. 2h,c. 1h 21min,d. 1h 48min,e. None of these
4,"Two pipes A and B can fill the tank in 40 and 60 minutes respectively. Both the pipes are opened together, after how many minutes should the pipe B be turned off, so that the tank be fill in 30 minutes?",a. 15 min,b. 20 min,c. 25 min,d. 28 min,Answer: a
,,,,,,
,,,,,,
1,The HCF of two numbers 12906 and 14818 is 478. Their LCM is ?,a.400086 ,b.200043 ,c.600129 ,d.800172 ,
2,The LCM of two numbers is 30 and their HCF is 5. One of the number is 10. The other is ?,a.20 ,b.25 ,c.15 ,d.5 ,Answer: 15
3,The product of two numbers is 2160 and their HCF is 12. Number of such possible pairs is ?,a.1 ,b.2,c.3 ,d.4 ,Answer: 2
,,,,,,
1,Find the third proportional to 9 and 12 ?,a.48 ,b.9 ,c.16 ,d.108 ,Answer: 108
2,If a:b=1:2 and b:c=3:4 find a:b:c ?,a.3:6:8 ,b.1:2:4 ,c.3:12:6 ,d.3:8:6 ,Answer: 3:6:8
